id_produto;link_produto;categoria;descricao;preco_de;preco_por;imagem
0111;http://homologa.heringwebstore.com.br/regata-basica-masculina-em-meia-malha-0111?partner=&utm_source=clickaporter&utm_medium=REGATA+B%C1SICA+MASCULINA+EM+MEIA-MALHA;Regatas;"Regata básica masculina em meia malha com diversas opções de cores. Ideal para o dia a dia.";21,99;;http://homologa.heringwebstore.com.br/media/catalog/product/0111-N0A00S-C1.jpg;"BRANCO                                  VERDE ESMERALDA                         ";PGXG
pteste1;http://homologa.heringwebstore.com.br/produto-teste-1?partner=&utm_source=clickaporter&utm_medium=DESCRICAO;;descricao;111,00;;http://homologa.heringwebstore.com.br/media/catalog/product/pteste1-AS207S-C2.jpg;"BRANCO                                  VERDE ESMERALDA                         ";PGXG
pteste2;http://homologa.heringwebstore.com.br/produto-de-teste-2?partner=&utm_source=clickaporter&utm_medium=DESCRICAO;;decricao;211,00;;http://homologa.heringwebstore.com.br/media/catalog/product/pteste2-N1007S-C2.jpg;"BRANCO                                  VERDE ESMERALDA                         ";PGXG
0155;http://homologa.heringwebstore.com.br/regata-basica-feminina-da-campanha-de-combate-ao-cancer-de-mama-0155?partner=&utm_source=clickaporter&utm_medium=REGATA+B%C1SICA+FEMININA+DA+CAMPANHA+DE+COMBATE+AO+C%C2NCER+DE+MAMA;"Regatas,Câncer de Mama,Ofertas,Rapa!";"Regata feminina da campanha de combate ao câncer de mama. Produto em meia malha 100% algodão, vem estampada com a logo do IBCC localizada no peito.";29,99;14,99;http://homologa.heringwebstore.com.br/media/catalog/product/0155-N10IBC-C1.jpg;"LARANJA                  ";M
015M;http://homologa.heringwebstore.com.br/regata-masculina-em-ribana-015m?partner=&utm_source=clickaporter&utm_medium=REGATA+MASCULINA+EM+RIBANA;Regatas;"Regata masculina básica em ribana com várias opções de cores.";21,99;;http://homologa.heringwebstore.com.br/media/catalog/product/015M-AVZ07S-C1.jpg;"BRANCO                                  ";GXG
0170;http://homologa.heringwebstore.com.br/top-com-cava-nadador-0170?partner=&utm_source=clickaporter&utm_medium=TOP+COM+CAVA+NADADOR;Tops,Ofertas;"Top de meia-malha estampado com cava nadador. Ótimo para usar por baixo de regatas e blusas.";24,90;14,99;http://homologa.heringwebstore.com.br/media/catalog/product/0170-1K00S-C1.jpg;"BRANCO                                  ";GXG
0199;http://homologa.heringwebstore.com.br/regata-masculina-basica-em-meia-malha-0199?partner=&utm_source=clickaporter&utm_medium=REGATA+MASCULINA+B%C1SICA+EM+MEIA+MALHA;Regatas;"Regata masculina básica em meia malha com diversas opções de cores. Ideal para compor o look com as bermudas da coleção.";16,99;;http://homologa.heringwebstore.com.br/media/catalog/product/0199-N0A00S-C2.jpg;"BRANCO                                  ";GXG
01AE;http://homologa.heringwebstore.com.br/regata-feminina-basica-em-ribana-01ae?partner=&utm_source=clickaporter&utm_medium=REGATA+FEMININA+B%C1SICA+EM+RIBANA;Regatas;"Regata feminina básica elaborada em ribana com algodão e elastano em sua composição promovendo conforto e maciez ao vestir. Possui modelagem básica e recorte nadador nas costas. Perfeita para compor looks básicos no dia a dia.";21,99;;http://homologa.heringwebstore.com.br/media/catalog/product/01AE-N1007S-C1.jpg;"BRANCO                                  PRETO                                   BAUNILHA                 AZUL ACINZENTADO                        LARANJA                                 ROSA                     VERMELHO ESCUROVERDE                                   AMARELO CLARO                           ROSA                                    VERMELHO                                VERDE LIMÃO                             VERDE ESCURO                            AMARELO                                 ROXO                                    AZUL ROYAL                              PINK                     ROXO                     ROSA CARMESIM            CINZA CLARO                             ";PMGXGXXG
01J2;http://homologa.heringwebstore.com.br/top-feminino-basico-em-com-recorte-nadador-01j2?partner=&utm_source=clickaporter&utm_medium=TOP+FEMININO+B%C1SICO+EM+COM+RECORTE+NADADOR;Tops,Fitness,Fitness;"Top feminino básico confeccionado em meia malha que promove total conforto e segurança ao vestir. Possui modelagem tradicional e recorte nadador nas costas. Ideal para a pratica de esportes e para compor looks modernos com as blusas da coleção.";24,99;;http://homologa.heringwebstore.com.br/media/catalog/product/01J2-KFN07S-C2.jpg;"BRANCO                                  PRETO                                   AZUL ESCURO                             AZUL MARINHO                            ROXO                                    AZUL                                    VERDE";PMGXGXXG
01JC;http://homologa.heringwebstore.com.br/regata-feminina-em-viscose-e-elastano-01jc?partner=&utm_source=clickaporter&utm_medium=REGATA+FEMININA+EM+VISCOSE+E+ELASTANO;Regatas;"Regata feminina em viscose e elastano com modelagem mais ampla.";39,99;;http://homologa.heringwebstore.com.br/media/catalog/product/01JC-ACV07S-C1.jpg;"PRETO                                   CINZA CLARO                             ";P
01TE;http://homologa.heringwebstore.com.br/regata-feminina-basica-em-ribana-com-alcas-largas-01te?partner=&utm_source=clickaporter&utm_medium=REGATA+FEMININA+B%C1SICA+EM+RIBANA+COM+AL%C7AS+LARGAS;"Regatas,Verão Hering";"Regata feminina básica confeccionada em ribana com algodão e elastano em sua composição promovendo muito conforto e toque macio ao vestir. Possui modelagem básica tradicional com alças largas e decote redondo. Ideal para compor looks básicos no dia a dia.";21,99;;http://homologa.heringwebstore.com.br/media/catalog/product/01TE-N1007S-C1.jpg;"BRANCO                                  PRETO                                   BAUNILHA                 VERDE CLARO                             LARANJA                                 AZUL ESCURO                             VERDE LIMÃO                             AMARELO                                 VERMELHO                                ROXO                                    PINK                     AZUL                                    AZUL ROYAL                              VERDE                                   ";PMGXGXXG
01TF;http://homologa.heringwebstore.com.br/regata-feminina-01tf?partner=&utm_source=clickaporter&utm_medium=REGATA+FEMININA;Regatas;"Regata feminina em ribana e fio penteado. Linha Original: traz renovação para os grandes clássicos dos básicos Hering. Design mais atual, novas cores, novas malhas e lançamento de novos modelos. Se é básico é Original. Original só na Hering.";19,90;;http://homologa.heringwebstore.com.br/media/catalog/productno_selection;"BRANCO                                  PRETO                                   BAUNILHA                 VERDE CLARO                             LARANJA                                 AZUL ESCURO                             VERDE LIMÃO                             AMARELO                                 VERMELHO                                ROXO                                    PINK                     AZUL                                    AZUL ROYAL                              VERDE                                   ";PMGXGXXG
01Y2;http://homologa.heringwebstore.com.br/regata-feminina-basica-em-meia-malha-modelagem-tradicional-01y2?partner=&utm_source=clickaporter&utm_medium=REGATA+FEMININA+B%C1SICA+EM+MEIA+MALHA+MODELAGEM+TRADICIONAL;Regatas;"Regata feminina básica confeccionada em meia malha com algodão e elastano em sua composição promovendo conforto e liberdade nos movimentos. Possui modelagem básica tradicional com alças largas e decote redondo. Perfeita para compor looks em diversas ocasiões.";24,99;;http://homologa.heringwebstore.com.br/media/catalog/product/01Y2-AU007S-C1.jpg;"BRANCO                                  PRETO                                   ROSA                     VERDE";PMGXGXXG
0201;http://homologa.heringwebstore.com.br/camiseta-masculina-basica-em-meia-malha-0201?partner=&utm_source=clickaporter&utm_medium=CAMISETA+MASCULINA+B%C1SICA+EM+MEIA+MALHA;"Camisetas,Masculino Alto Verão";"Camiseta masculina básica comnfeccionada em meia malha que promove conforto.";24,99;;http://homologa.heringwebstore.com.br/media/catalog/product/0201-N0A00S-C2.jpg;"MESCLA                                  BRANCO                                  PRETO                                   AMARELO CLARO                           AZUL ESCURO                             CINZA                                   LARANJA                                 VERMELHO                 VERDE CIANO                             ";PMXGXXGG
0204;http://homologa.heringwebstore.com.br/camiseta-manga-longa-masculina-em-meia-malha-basica-0204?partner=&utm_source=clickaporter&utm_medium=CAMISETA+MANGA+LONGA+MASCULINA+EM+MEIA+MALHA+B%C1SICA;Camisetas;"Camisa manga longa masculina básica em meia malha.";29,99;;http://homologa.heringwebstore.com.br/media/catalog/product/0204-AV300S-C1.jpg;"MESCLA                                  BRANCO                                  PRETO                                   AMARELO CLARO                           AZUL ESCURO                             CINZA                                   LARANJA                                 VERMELHO                 VERDE CIANO                             ";PMXGXXGG
0227;http://homologa.heringwebstore.com.br/camiseta-masculina-basica-em-meia-malha-0227?partner=&utm_source=clickaporter&utm_medium=CAMISETA+MASCULINA+B%C1SICA+EM+MEIA+MALHA;Camisetas;"Camiseta básica masculina confeccionada em meia malha. linda essa peça conta com uma gama de cores que permite compor vários looks.";34,99;;http://homologa.heringwebstore.com.br/media/catalog/product/0227-EAC07S-C1.jpg;"BRANCO                                  PRETO                                   NOVO MESCLA                             AZUL ESCURO                             ";PMGXGXXG
022B;http://homologa.heringwebstore.com.br/camiseta-masculina-em-meia-malha-na-modelagem-basica-022b?partner=&utm_source=clickaporter&utm_medium=CAMISETA+MASCULINA+EM+MEIA+MALHA+NA+MODELAGEM+B%C1SICA;Camisetas;"Camiseta masculina em meia malha básica com modelagem mais comprida no corpo e mangas. Possui várias opções de cores.";24,99;;http://homologa.heringwebstore.com.br/media/catalog/product/022B-EAC07S-C1.jpg;"BRANCO                                  ";PXXG
0241;http://homologa.heringwebstore.com.br/blusa-feminina-basica-em-meia-malha-modelagem-tradicional-0241?partner=&utm_source=clickaporter&utm_medium=BLUSA+FEMININA+B%C1SICA+EM+MEIA+MALHA+MODELAGEM+TRADICIONAL;"Blusas e Camisetas,Verão Hering";"Blusa feminina básica confeccionada em meia malha com algodão e poliéster em sua composição promovendo muito conforto e toque macio ao vestir. Possui modelagem tradicional, meia manga e decote redondo. Super confortável, é indispensável para compor looks despojados diversas ocasiões.";21,99;;http://homologa.heringwebstore.com.br/media/catalog/product/0241-N0A00S-C4.jpg;"BRANCO                                  PRETO                                   LARANJA                                 AZUL CLARO                              BORDÔ                                   ROXO                                    PINK                     ROXO                     VERMELHO                                VERDE";PMXGXXGG
0255;http://homologa.heringwebstore.com.br/camiseta-manga-longa-masculina-em-meia-malha-gola-alta-0255?partner=&utm_source=clickaporter&utm_medium=CAMISETA+MANGA+LONGA+MASCULINA+EM+MEIA+MALHA+GOLA+ALTA;Camisetas;"Camiseta manga longa masculina em meia-malha. Modelagem básica com gola alta. Design mais atual, novas cores. Se é básico é Original. Original só na Hering.";29,90;;http://homologa.heringwebstore.com.br/media/catalog/product/0255-N0A00S-C3.jpg;"BRANCO                                  PRETO                                   LARANJA                                 AZUL CLARO                              BORDÔ                                   ROXO                                    PINK                     ROXO                     VERMELHO                                VERDE";PMXGXXGG
026X;http://homologa.heringwebstore.com.br/camiseta-manga-longa-masculina-026x?partner=&utm_source=clickaporter&utm_medium=CAMISETA+MANGA+LONGA+MASCULINA;Camisetas;"Camisa manga longa masculina confeccionada em meia malha e fio tinto penteado.";34,99;;http://homologa.heringwebstore.com.br/media/catalog/product/026X-N1007S-C1.jpg;"BRANCO                                  PRETO                                   EAC10SAMARELO                                 CINZA                                   ";PXXGMG
0299;http://homologa.heringwebstore.com.br/camiseta-masculina-em-meia-malha-basica-com-decote-redondo-0299?partner=&utm_source=clickaporter&utm_medium=CAMISETA+MASCULINA+EM+MEIA+MALHA+B%C1SICA+COM+DECOTE+REDONDO;Camisetas;"Camiseta masculina confeccionada em meia malha que proporciona toque macio ao vestir. Possui modelagem tradicional básica, meia manga e decote redondo. Perfeita para compor looks em diversas ocasiões.";19,99;;http://homologa.heringwebstore.com.br/media/catalog/product/0299-ATJ07S-C2.jpg;"PRETO                                   ROSA                                    CINZA";PXGXXGG
02A5;http://homologa.heringwebstore.com.br/blusa-feminina-basica-em-ribana-decote-v-02a5?partner=&utm_source=clickaporter&utm_medium=BLUSA+FEMININA+B%C1SICA+EM+RIBANA+DECOTE+%22V%22;"Blusas e Camisetas";"Blusa feminina básica elaborada em malha ribana com algodão em sua composição, promovendo maciez e muito conforto ao vestir. Possui modelagem tradicional que se ajusta perfeitamente ao corpo, decote em ""V"" e meia manga. Super confortável, é perfeita para compor looks modernos e versáteis no dia a dia.";24,99;;http://homologa.heringwebstore.com.br/media/catalog/product/02A5-AU007S-C1.jpg;"PRETO                                   AZUL MARINHO                            AZUL ROYAL                              ";PXG
02CE;http://homologa.heringwebstore.com.br/blusa-feminina-basica-em-meia-malha-modelagem-tradicional-02ce?partner=&utm_source=clickaporter&utm_medium=BLUSA+FEMININA+B%C1SICA+EM+MEIA+MALHA+MODELAGEM+TRADICIONAL;"Blusas e Camisetas";"Blusa feminina básica elaborada em meia malha com algodão e elastano em sua composição promovendo total conforto e liberdade nos movimentos. Possui modelagem tradicional que se ajusta perfeitamente ao corpo, decote redondo e meia manga. Perfeita para compor looks básicos e cheios de estilo em diversas ocasiões.";29,99;;http://homologa.heringwebstore.com.br/media/catalog/product/02CE-XKE07S-C1.jpg;"BRANCO                                  PRETO                                   VERDE CLARO                             AZUL ESCURO                             LARANJA                                 VERDE                                   ROSA                                    NOVO MESCLA                             VERMELHO                                VERDE ESCURO                            ROXO                                    AMARELO                                 ";XXGPMGXG
02D3;http://homologa.heringwebstore.com.br/blusa-basica-feminina-em-ribana-02d3?partner=&utm_source=clickaporter&utm_medium=BLUSA+B%C1SICA+FEMININA+EM+RIBANA;"Blusas e Camisetas";"Blusa básica feminina em ribana e manga curta.";21,99;;http://homologa.heringwebstore.com.br/media/catalog/product/02D3-ADN07S-C1.jpg;"BRANCO                                  PRETO                                   VERDE CLARO                             AZUL ESCURO                             LARANJA                                 VERDE                                   ROSA                                    NOVO MESCLA                             VERMELHO                                VERDE ESCURO                            ROXO                                    AMARELO                                 ";XXGPMGXG
02DF;http://homologa.heringwebstore.com.br/camiseta-manga-longa-feminina-02df?partner=&utm_source=clickaporter&utm_medium=CAMISETA+MANGA+LONGA+FEMININA;"Blusas e Camisetas";"Blusa feminina manga longa em ribana e fio penteado.";29,99;;http://homologa.heringwebstore.com.br/media/catalog/product/02DF-AU000S-C1.jpg;"PRETO                                   ";P
02J5;http://homologa.heringwebstore.com.br/blusa-manga-longa-feminina-com-gola-v-02j5?partner=&utm_source=clickaporter&utm_medium=BLUSA+MANGA+LONGA+FEMININA+COM+GOLA+V;"Blusas e Camisetas";"Blusa feminina básica manga longa em meia malha com gola V.";39,99;;http://homologa.heringwebstore.com.br/media/catalog/product/02J5-ADN00S-C1.jpg;"NOVO MESCLA                             AZUL MARINHO                            AZUL CLARO                              ROSA CLARO                              VERMELHO INTENSO                        VERDE CLARO                             ROXO                                    BAUNILHA                 VERDE ESCURO                            LARANJA                                 ";XGGPM
02KM;http://homologa.heringwebstore.com.br/camiseta-masculina-na-modelagem-slim-02km?partner=&utm_source=clickaporter&utm_medium=CAMISETA+MASCULINA+NA+MODELAGEM+SLIM;Camisetas;"Camisa masculina em meia-malha com modelagem slim.";34,90;;http://homologa.heringwebstore.com.br/media/catalog/product/02KM-AS207S-C1.jpg;"NOVO MESCLA                             AZUL MARINHO                            AZUL CLARO                              ROSA CLARO                              VERMELHO INTENSO                        VERDE CLARO                             ROXO                                    BAUNILHA                 VERDE ESCURO                            LARANJA                                 ";XGGPM
02MX;http://homologa.heringwebstore.com.br/camiseta-manga-longa-masculina-em-fio-penteado-02mx?partner=&utm_source=clickaporter&utm_medium=CAMISETA+MANGA+LONGA+MASCULINA+EM+FIO+PENTEADO;Camisetas;"Camiseta manga longa masculina básica em meia malha em fio penteado.";39,99;;http://homologa.heringwebstore.com.br/media/catalog/product/02MX-NLS00S-C1.jpg;"BRANCO                                  PRETO                                   NOVO MESCLA                             VERDE CIANO                             ";PXGXXG
02QY;http://homologa.heringwebstore.com.br/blusa-manga-longa-feminina-basica-em-meia-malha-02qy?partner=&utm_source=clickaporter&utm_medium=BLUSA+MANGA+LONGA+FEMININA+B%C1SICA+EM+MEIA+MALHA;"Blusas e Camisetas";"Blusa feminina manga longa básica confeccionada em meia malha com algodão e elastano em sua composição, proporcionando maciez e muito conforto ao vestir. Possui modelagem tradicional que se ajusta perfeitamente ao corpo e decote redondo. Super confortável, é perfeita para compor looks básicos e cheios de estilo no o dia a dia.";39,99;;http://homologa.heringwebstore.com.br/media/catalog/product/02QY-N0A00S-C7.jpg;"BRANCO                                  PRETO                                   NOVO MESCLA                             AMARELO                                 AZUL CLARO                              ROSA CLARO                              VERDE CLARO                             ROXO                                    ";PMGXG
02TQ;http://homologa.heringwebstore.com.br/blusa-feminina-basica-em-meia-malha-com-decote-v-02tq?partner=&utm_source=clickaporter&utm_medium=BLUSA+FEMININA+B%C1SICA+EM+MEIA+MALHA+COM+DECOTE+%22V%22;"Blusas e Camisetas";"Blusa feminina básica confeccionada em meia malha com algodão e elastano em sua composição promovendo muito conforto e toque macio ao vestir. Possui modelagem tradicional, meia manga e decote em ""V"". Super confortável, é indispensável para compor looks em diversas ocasiões.";29,99;;http://homologa.heringwebstore.com.br/media/catalog/product/02TQ-N0A00S-C6.jpg;"BRANCO                                  PRETO                                   BAUNILHA                 VERDE CLARO                             LARANJA                                 AZUL ROYAL                              ROSA CLARO                              ROXO                                    ROSA                     ROSA                                    VERDE";PMGXGXXG
02VY;http://homologa.heringwebstore.com.br/blusa-manga-longa-feminina-gola-alta-02vy?partner=&utm_source=clickaporter&utm_medium=BLUSA+MANGA+LONGA+FEMININA+GOLA+ALTA;"Blusas e Camisetas";"Blusa feminina manga longa em meia-malha.";39,99;;http://homologa.heringwebstore.com.br/media/catalog/product/02VY-YCS07S-C1.jpg;"AZUL ACINZENTADO                        ";P
036X;http://homologa.heringwebstore.com.br/camisa-polo-feminina-basica-em-malha-piqu-036x?partner=&utm_source=clickaporter&utm_medium=CAMISA+POLO+FEMININA+B%C1SICA+EM+MALHA+PIQU%CA;"Blusas e Camisetas,Polos";"Camisa polo feminina básica confeccionada em malha piquê com algodão em sua composição, proporcionando conforto e caimento à peça. Possui modelagem tradicional que se ajusta perfeitamente ao corpo, peitilho funcional com quatro botões para fechamento e barra das mangas e gola retilínea. Super confortável, é perfeita para compor looks cheios de estilo com as calças, shorts e saias da coleção.";39,99;;http://homologa.heringwebstore.com.br/media/catalog/product/036X-KBM07S-C2.jpg;"BRANCO                                  PRETO                                   BAUNILHA                 AZUL CLARO                              AMARELO CLARO                           ROSA                                    BEGE CLARO               ";PMGXXGXG
0393;http://homologa.heringwebstore.com.br/camisa-polo-masculina-basica-em-piqu-modelagem-tradicional-0393?partner=&utm_source=clickaporter&utm_medium=CAMISA+POLO+MASCULINA+B%C1SICA+EM+PIQU%CA+MODELAGEM+TRADICIONAL;Polos;"Camisa polo masculina básica em malha piquê. Contempla modelagem tradicional com peitilho funcional de fechamento por dois botões. Confortável e versátil, esta camisa polo é indispensável para usar no dia a dia.";29,99;;http://homologa.heringwebstore.com.br/media/catalog/product/0393-N0A00S-C3.jpg;"BRANCO                                  ";PXXG
03A7;http://homologa.heringwebstore.com.br/camisa-polo-masculina-em-piqu-com-retilinea-na-gola-e-mangas-03a7?partner=&utm_source=clickaporter&utm_medium=CAMISA+POLO+MASCULINA+EM+PIQU%CA+COM+RETIL%CDNEA+NA+GOLA+E+MANGAS;Polos;"Camisa polo masculina em piquê. Possui peitilho funcional com fechamento por dois botões e tecido mais encorpado. A retilínea na gola e nas saídas das mangas completa esta polo básica.";39,99;;http://homologa.heringwebstore.com.br/media/catalog/product/03A7-N0A00S-C5.jpg;"BRANCO                                  PRETO                                   NOVO MESCLA                             VERDE                                   VINHO                                   ";PGXGXXGM
03AR;http://homologa.heringwebstore.com.br/camisa-polo-manga-longa-em-piqu-03ar?partner=&utm_source=clickaporter&utm_medium=CAMISA+POLO+MANGA+LONGA+EM+PIQU%CA;Polos;"Camisa polo manga longa em piquê.";49,99;;http://homologa.heringwebstore.com.br/media/catalog/product/03AR-WC500S-C1.jpg;"BRANCO                                  PRETO                                   NOVO MESCLA                             VERDE                                   VINHO                                   ";PGXGXXGM
03CQ;http://homologa.heringwebstore.com.br/camisa-polo-masculina-basica-em-pique-com-bolso-03cq?partner=&utm_source=clickaporter&utm_medium=CAMISA+POLO+MASCULINA+B%C1SICA+EM+PIQUE+COM+BOLSO;Polos;"Camisa polo masculina básica em pique com bolso na lateral do peito direito.";34,99;;http://homologa.heringwebstore.com.br/media/catalog/product/03CQ-NLT07S-C1.jpg;"BRANCO                                  PRETO                                   SALMÃO                                  VERDE CIANO                             AZUL ACINZENTADO                        ";PG
03E2;http://homologa.heringwebstore.com.br/camisa-polo-masculina-modelagem-regular-03e2?partner=&utm_source=clickaporter&utm_medium=CAMISA+POLO+MASCULINA+MODELAGEM+REGULAR;Polos;"Camisa polo masculina básica em meia malha, modelagem regular. Possui duas listras acima do ombro até as mangas e bordado de peixinho no peitoral esquerdo.";49,99;;http://homologa.heringwebstore.com.br/media/catalog/product/03E2-1E10S-C1.jpg;"BRANCO                                  PRETO                                   SALMÃO                                  VERDE CIANO                             AZUL ACINZENTADO                        ";PG
03GR;http://homologa.heringwebstore.com.br/camisa-polo-masculina-em-meia-malha-listrada-na-modelagem-comfort-03gr?partner=&utm_source=clickaporter&utm_medium=CAMISA+POLO+MASCULINA+EM+MEIA+MALHA+LISTRADA+NA+MODELAGEM+COMFORT;"Polos,Primavera 2013,Rapa 2014,Rapa 2014 Feminino,Rapa 2014 Masculino";"Camisa polo masculina em meia malha listrada com bordado na modelagem comfort. Possui gola em cor única.";49,99;39,99;http://homologa.heringwebstore.com.br/media/catalog/product/03GR-6E00S-C1.jpg;"LISTRADO                                ROSA CLARO                              6K00  ";PXGMG
03HB;http://homologa.heringwebstore.com.br/camisa-polo-feminina-larguinha-03hb?partner=&utm_source=clickaporter&utm_medium=CAMISA+POLO+FEMININA+LARGUINHA;Polos;"Camisa polo feminina básica em malha piquê com modelagem mais larguinha.";44,99;;http://homologa.heringwebstore.com.br/media/catalog/product/03HB-AT407S-C1.jpg;"PRETO                                   ";P
03K8;http://homologa.heringwebstore.com.br/camisa-polo-feminina-em-malha-flam-03k8?partner=&utm_source=clickaporter&utm_medium=CAMISA+POLO+FEMININA+EM+MALHA+FLAM%CA;Polos;"Camisa polo feminina em malha flamê.";44,90;;http://homologa.heringwebstore.com.br/media/catalog/product/03K8-N0A00S-C1.jpg;"PRETO                                   ";P
03L7;http://homologa.heringwebstore.com.br/camisa-polo-masculina-com-patch-do-ibcc-03l7?partner=&utm_source=clickaporter&utm_medium=CAMISA+POLO+MASCULINA+COM+PATCH+DO+IBCC;"Polos,Câncer de Mama";"Camisa polo masculina em meia-malha. Possui patch do logo IBCC no peito.";59,90;;http://homologa.heringwebstore.com.br/media/catalog/product/03L7-RXFIBC-C1.jpg;"PRETO                                   ";P
03LC;http://homologa.heringwebstore.com.br/camisa-polo-masculina-03lc?partner=&utm_source=clickaporter&utm_medium=CAMISA+POLO+MASCULINA;Polos;"Camisa polo masculina com peitilho diferenciado em franzidos e bordado no peitoral esquerdo.";59,90;;http://homologa.heringwebstore.com.br/media/catalog/product/03LC-AS910S-C1.jpg;"PRETO                                   ";P
03LG;http://homologa.heringwebstore.com.br/camisa-polo-feminina-03lg?partner=&utm_source=clickaporter&utm_medium=CAMISA+POLO+FEMININA;Feminino,Polos;"Camisa polo feminina em meia-malha sem botão no peitilho.";49,90;;http://homologa.heringwebstore.com.br/media/catalog/product/03LG-1B00S-C2.jpg;"PRETO                                   ";P
03LK;http://homologa.heringwebstore.com.br/camisa-polo-masculina-com-bordado-aplicado-no-peito-03lk?partner=&utm_source=clickaporter&utm_medium=CAMISA+POLO+MASCULINA+COM+BORDADO+APLICADO+NO+PEITO;Polos;"Camisa polo masculina com bordado aplicado no peito esquerdo e peitilho diferenciado com vista fechada deixando os botões embutidos.";89,90;24,99;http://homologa.heringwebstore.com.br/media/catalog/product/03LK-MD210S-C1.jpg;"PRETO                                   ";P
03LM;http://homologa.heringwebstore.com.br/camisa-polo-masculina-em-malha-flam-03lm?partner=&utm_source=clickaporter&utm_medium=CAMISA+POLO+MASCULINA+EM+MALHA+FLAM%CA;Polos;"Camisa polo masculina em malha flamê com bordado no peito esquerdo , acabamentos em cadarço na parte interna da gola e peitilho aplicado com franzidos.";69,90;39,99;http://homologa.heringwebstore.com.br/media/catalog/product/03LM-LGZ10S-C1.jpg;"PRETO                                   ";P
03LN;http://homologa.heringwebstore.com.br/polo-masculina-com-vista-semi-aparente-03ln?partner=&utm_source=clickaporter&utm_medium=POLO+MASCULINA+COM+VISTA+SEMI+APARENTE;Polos;"Polo masculina com vista semi aparente, em meia malha, modelagem regular, gola e punhos em retilinea e lindos bordados diferentes entre as variantes que são bordado com estampas.";79,90;39,99;http://homologa.heringwebstore.com.br/media/catalog/product/03LN-AS210S-C1.jpg;"PRETO                                   ";P
03LR;http://homologa.heringwebstore.com.br/camisa-polo-masculina-com-bordado-no-peito-03lr?partner=&utm_source=clickaporter&utm_medium=CAMISA+POLO+MASCULINA+COM+BORDADO+NO+PEITO;Polos,Ofertas;"Camisa polo masculina em meia-malha e modelagem regular. Possui bordado no lado do peito e etiqueta externa identificadora da marca Hering próximo a barra.";79,90;34,99;http://homologa.heringwebstore.com.br/media/catalog/product/03LR-NJT10S-C1.jpg;"PRETO                                   ";P
03LV;http://homologa.heringwebstore.com.br/camisa-polo-feminina-03lv?partner=&utm_source=clickaporter&utm_medium=CAMISA+POLO+FEMININA;Feminino,Polos;"Camisa polo feminina em malha flamê com listrado, peitilho funcional e gola padre.";59,90;19,99;http://homologa.heringwebstore.com.br/media/catalog/product/03LV-RYD07S-C1.jpg;"PRETO                                   ";P
042H;http://homologa.heringwebstore.com.br/jaqueta-masculina-basica-em-moletom-042h?partner=&utm_source=clickaporter&utm_medium=JAQUETA+MASCULINA+B%C1SICA+EM+MOLETOM;"Casacos e Jaquetas,Ofertas,Rapa!";"Jaqueta masculina básica em moletom peluciado.";99,99;49,99;http://homologa.heringwebstore.com.br/media/catalog/product/042H-R6907S-C1.jpg;"BRANCO                                  EAC10S";GP
042K;http://homologa.heringwebstore.com.br/blus-o-masculino-basico-em-moletom-peluciado-042k?partner=&utm_source=clickaporter&utm_medium=BLUS%C3O+MASCULINO+B%C1SICO+EM+MOLETOM+PELUCIADO;Blusão;"Blusão masculino básico em moletom liso peluciado.";59,99;;http://homologa.heringwebstore.com.br/media/catalog/product/042K-MD407S-C1.jpg;"BRANCO                                  NOVO MESCLA                             EAC10S";PGXGXXG
043G;http://homologa.heringwebstore.com.br/jaqueta-feminina-em-moletom-043g?partner=&utm_source=clickaporter&utm_medium=JAQUETA+FEMININA+EM+MOLETOM;"Casacos e Jaquetas,Ofertas,Rapa!,Casacos e Jaquetas";"Jaqueta feminina em moletom peluciado.";89,99;59,99;http://homologa.heringwebstore.com.br/media/catalog/product/043G-RRN07S-C1.jpg;"PRETO                                   BRANCO                                  AZUL MARINHO                            ";PG
053U;http://homologa.heringwebstore.com.br/calca-de-moletom-masculina-053u?partner=&utm_source=clickaporter&utm_medium=CAL%C7A+DE+MOLETOM+MASCULINA;Calças;"Calça masculina em moletom peluciado, bolsos e ajuste interno do cós.";69,99;;http://homologa.heringwebstore.com.br/media/catalog/product/053U-AP407S-C1.jpg;"PRETO                                   BRANCO                                  ";P
0546;http://homologa.heringwebstore.com.br/calca-legging-feminina-em-meia-malha-0546?partner=&utm_source=clickaporter&utm_medium=CAL%C7A+LEGGING+FEMININA+EM+MEIA+MALHA;Calças;"Calça legging feminina confeccionada em meia malha com algodão e elastano em sua composição proporcionando conforto e liberdade nos movimentos. Possui cós de elástico para melhor ajuste ao corpo. Super confortável é ideal para a prática de esportes e também compor looks descontraídos com as blusas e camisas da coleção.";39,99;;http://homologa.heringwebstore.com.br/media/catalog/product/0546-ADN07S-C1.jpg;"BRANCO                                  PRETO                                   AZUL ESCURO                             ";PMGXGXXG
057U;http://homologa.heringwebstore.com.br/calca-legging-feminina-057u?partner=&utm_source=clickaporter&utm_medium=CAL%C7A+LEGGING+FEMININA;Calças,Fitness,Fitness;"Calça legging básica feminina em meia-malha, capri.";39,99;;http://homologa.heringwebstore.com.br/media/catalog/product/057U-HHJ07S-C1.jpg;"PRETO                                   ";MXG
0584;http://homologa.heringwebstore.com.br/calca-feminina-em-moletom-peluciado-0584?partner=&utm_source=clickaporter&utm_medium=CAL%C7A+FEMININA+EM+MOLETOM+PELUCIADO;Calças;"Calça feminina em moletom peluciado. Linha Original: traz renovação para os grandes clássicos dos básicos Hering. Design mais atual, novas cores, novas malhas e lançamento de novos modelos. Se é básico é Original. Original só na Hering.";59,90;;http://homologa.heringwebstore.com.br/media/catalog/product/0584-1B07S-C1.jpg;"PRETO                                   ";MXG
05A7;http://homologa.heringwebstore.com.br/calca-capri-feminina-05a7?partner=&utm_source=clickaporter&utm_medium=CAL%C7A+CAPRI+FEMININA;Calças,Fitness,Ofertas;"Calça capri feminina em algodão com elastano. Os recortes laterais dão mais modernidade a peça. Ótima para combinar com os tops.";39,90;19,99;http://homologa.heringwebstore.com.br/media/catalog/product/05A7-1F07S-C1.jpg;"PRETO                                   ";MXG
05B3;http://homologa.heringwebstore.com.br/bermuda-feminina-ciclista-basica-05b3?partner=&utm_source=clickaporter&utm_medium=BERMUDA+FEMININA+CICLISTA+B%C1SICA;"Bermudas e Shorts";"Bermuda feminina ciclista em meia-malha com elastano.";29,90;;http://homologa.heringwebstore.com.br/media/catalog/product/05B3-N1007S-C1.jpg;"PRETO                                   ";MXG
05BK;http://homologa.heringwebstore.com.br/macaquinho-feminino-05bk?partner=&utm_source=clickaporter&utm_medium=MACAQUINHO+FEMININO;Feminino,Macacão;"Macaquinho feminino em ribana com decote nadador, aplicação de tule na parte frontal, costura diferenciada na parte superior, bolsos frontais e ajuste na cintura, ele é moderno e fresquinho.";89,90;34,99;http://homologa.heringwebstore.com.br/media/catalog/product/05BK-N1007S-C1.jpg;"PRETO                                   ";MXG
05BL;http://homologa.heringwebstore.com.br/saia-05bl?partner=&utm_source=clickaporter&utm_medium=SAIA;Feminino,Saias;"Saia adulta longa em meia-malha com estampa floral. Sua malha é mais pesada, proporcionando um ótimo caimento.";89,90;;http://homologa.heringwebstore.com.br/media/catalog/product/05BL-1B00S-C2.jpg;"PRETO                                   ";MXG
05BN;http://homologa.heringwebstore.com.br/saia-05bn?partner=&utm_source=clickaporter&utm_medium=SAIA+ESTAMPADA+EM+EVAS%CA;Feminino,Saias;"Saia estampada em evasê, com franzimento no cós, possui bolsos laterais bem modernos e fechamento na parte frontal por botões.";59,90;;http://homologa.heringwebstore.com.br/media/catalog/product/05BN-1B00S-C1.jpg;"PRETO                                   ";MXG
0720;http://homologa.heringwebstore.com.br/lenco-feminino-estampado-em-viscose-0720?partner=&utm_source=clickaporter&utm_medium=LEN%C7O+FEMININO+ESTAMPADO+EM+VISCOSE;"Lenços e Cachecóis,Ofertas,Rapa!,Rapa Acessórios,Rapa feminino 2013";"Lenço estampado em viscose. Seguindo a linha das peças ""must haves"" da estação, os animal print  são detalhe chave.";39,99;19,99;http://homologa.heringwebstore.com.br/media/catalog/product/0720-1A00S-C1.jpg;"PRETO                                   ";MXG
09CJ;http://homologa.heringwebstore.com.br/vestido-adulto-na-modelagem-mais-justa-09cj?partner=&utm_source=clickaporter&utm_medium=VESTIDO+ADULTO+NA+MODELAGEM+MAIS+JUSTA;Vestidos;"Vestido adulto básico em meia-malha. Diferencial desta peça é sua gola mais soltinha e modelagem mais justa ao corpo.";79,90;59,99;http://homologa.heringwebstore.com.br/media/catalog/product/09CJ-AT307S-C1.jpg;"PRETO                                   ";MXG
09DH;http://homologa.heringwebstore.com.br/vestido-manga-curta-09dh?partner=&utm_source=clickaporter&utm_medium=VESTIDO+MANGA+CURTA;Vestidos;"Vestido manga curta adulto em meia-malha lisa com modelagem ampla e bolsinho no peito esquerdo.";69,90;;http://homologa.heringwebstore.com.br/media/catalog/product/09DH-KPR07S-C1.jpg;"PRETO                                   ";MXG
09ER;http://homologa.heringwebstore.com.br/vestido-09er?partner=&utm_source=clickaporter&utm_medium=VESTIDO;Vestidos,Ofertas;"Vestido em moletom não peluciado, com cava nadador, acinturado e acompanha um cinto de Poá.";89,90;24,99;http://homologa.heringwebstore.com.br/media/catalog/product/09ER-AS207S-C1.jpg;"PRETO                                   ";MXG
09EU;http://homologa.heringwebstore.com.br/vestido-floral-09eu?partner=&utm_source=clickaporter&utm_medium=VESTIDO+FLORAL;Feminino,Vestidos;"Vestido com estampa floral e mangas franzidas que dão volume aos ombros.";69,90;;http://homologa.heringwebstore.com.br/media/catalog/product/09EU-1A00S-C2.jpg;"PRETO                                   ";MXG
09EV;http://homologa.heringwebstore.com.br/vestido-sem-manga-09ev?partner=&utm_source=clickaporter&utm_medium=VESTIDO+SEM+MANGA;Feminino,Vestidos;"Vestido adulto sem manga em meia malha com renda nas costas, modelagem evasê com faixa para amarrar na cintura.";119,90;;http://homologa.heringwebstore.com.br/media/catalog/product/09EV-E8707S-C1.jpg;"PRETO                                   ";MXG
09F0;http://homologa.heringwebstore.com.br/vestido-meia-manga-09f0?partner=&utm_source=clickaporter&utm_medium=VESTIDO+MEIA+MANGA;Feminino,Vestidos;"Vestido adulto em meia-malha, abotoamento nos bolsos frontais e aleta nas mangas.";89,90;;http://homologa.heringwebstore.com.br/media/catalog/product/09F0-E8707S-C1.jpg;"PRETO                                   ";MXG
09F5;http://homologa.heringwebstore.com.br/vestido-adulto-em-meia-malha-estampada-com-faixa-para-cintura-09f5?partner=&utm_source=clickaporter&utm_medium=VESTIDO+ADULTO+EM+MEIA+MALHA+ESTAMPADA+COM+FAIXA+PARA+CINTURA;Vestidos;"Vestido adulto em meia malha estampada com detalhe do viés e mangas em cor contrastante com estampa geométrica. A saia rodada ficou ainda mais charmosa com o laço. Para combinar com meia calça nos dias frios.";59,99;;http://homologa.heringwebstore.com.br/media/catalog/product/09F5-1E00S-C1.jpg;"PRETO                                   ";MXG
09F6;http://homologa.heringwebstore.com.br/vestido-em-flam-09f6?partner=&utm_source=clickaporter&utm_medium=VESTIDO+EM+FLAM%CA;Feminino,Vestidos;"Vestido adulto em malha flamê com modelagem soltinha, o detalhe fica por conta dos recortes frontais que passam pelo busto e o bolso no peito esquerdo com o mesmo botão do peitilho.";79,90;29,99;http://homologa.heringwebstore.com.br/media/catalog/product/09F6-KPQ07S-C1.jpg;"PRETO                                   ";MXG
09F7;http://homologa.heringwebstore.com.br/vestido-adulto-em-meia-malha-estampada-com-mangas-princesa-09f7?partner=&utm_source=clickaporter&utm_medium=VESTIDO+ADULTO+EM+MEIA+MALHA+ESTAMPADA+COM+MANGAS+PRINCESA;"Vestidos,Ofertas,Rapa!,Rapa feminino 2013";"Vestido adulto em meia malha estampada com mangas princesa. Desenvolvido em modelagem evasê com leve elastano e mangas um pouco mais compridas, deixam o visual mais elegante e feminino. Combinação perfeita com cinto e jaquetas de couro.  Comprimento no joelho.";79,99;69,99;http://homologa.heringwebstore.com.br/media/catalog/product/09F7-1J00S-C1.jpg;"PRETO                                   ";MXG
09F8;http://homologa.heringwebstore.com.br/vestido-floral-09f8?partner=&utm_source=clickaporter&utm_medium=VESTIDO+FLORAL;Feminino,Vestidos;"Vestido adulto amplo estampado com malha molinha e ótimo caimento, possui  bainha com eletas nas mangas e um laço no decote das costas.";79,90;29,99;http://homologa.heringwebstore.com.br/media/catalog/product/09F8-1B00S-C1.jpg;"PRETO                                   ";MXG
09FG;http://homologa.heringwebstore.com.br/vestido-09fg?partner=&utm_source=clickaporter&utm_medium=VESTIDO;Feminino,Vestidos;"Vestido em viscose+elastano estampado com abotoamento nas costas em gotas, recorte na cintura e saia com franzimento, o que dá mais movimento à peça.";69,90;;http://homologa.heringwebstore.com.br/media/catalog/product/09FG-1B00S-C1.jpg;"PRETO                                   ";MXG
09FH;http://homologa.heringwebstore.com.br/vestido-floral-09fh?partner=&utm_source=clickaporter&utm_medium=VESTIDO+FLORAL;Feminino,Vestidos;"Vestido tomara que caia estampado com transpasse no busto e zíper nas costas.";89,90;29,99;http://homologa.heringwebstore.com.br/media/catalog/product/09FH-1B00S-C1.jpg;"PRETO                                   ";MXG
09FJ;http://homologa.heringwebstore.com.br/vestido-longo-09fj?partner=&utm_source=clickaporter&utm_medium=VESTIDO+LONGO;Vestidos,Ofertas;"Vestido longo tomara que caia com estampa de floral rotativo. Acompanha uma tirinha para marcar mais a cintura e deixar o look mais moderno e elegante.";99,90;49,99;http://homologa.heringwebstore.com.br/media/catalog/product/09FJ-1A00S-C1.jpg;"PRETO                                   ";MXG
09FL;http://homologa.heringwebstore.com.br/vestido-meia-manga-09fl?partner=&utm_source=clickaporter&utm_medium=VESTIDO+MEIA+MANGA;Feminino,Vestidos;"Vestido adulto em meia-malha levinha, com manga tipo princesa que deixa a peça super feminina e com zíper de metal nas costas.";89,90;29,99;http://homologa.heringwebstore.com.br/media/catalog/product/09FL-AS207S-C1.jpg;"PRETO                                   ";MXG
09G9;http://homologa.heringwebstore.com.br/vestido-listrado-09g9?partner=&utm_source=clickaporter&utm_medium=VESTIDO+LISTRADO;Feminino,Vestidos;"Vestido adulto listrado em meia-malha com gola boneca, manga e fechamento por zíper na parte de trás.";79,90;;http://homologa.heringwebstore.com.br/media/catalog/product/09G9-1A00S-C1.jpg;"PRETO                                   ";MXG
417Q;http://homologa.heringwebstore.com.br/regata-feminina-basica-em-meia-malha-flam-na-modelagem-ampla-417q?partner=&utm_source=clickaporter&utm_medium=REGATA+FEMININA+B%C1SICA+EM+MEIA+MALHA+FLAM%CA+NA+MODELAGEM+AMPLA;Regatas;"Regata feminina básica elaborada meia malha flamê que promove muito conforto e maciez ao vestir. Possui modelagem soltinha, recorte nadador nas costas e bolso funcional na lateral esquerda do peito. Super confortável é ideal para compor looks cheios de estilo no dia a dia.";34,99;;http://homologa.heringwebstore.com.br/media/catalog/product/417Q-N0A00S-C3.jpg;"LARANJA                                 BRANCO                                  PRETO                                   ROSA CORAL                              ROSA NUDE                               VERDE CLARO                             BAUNILHA                 AREIA                                   AMARELO                  ROSA                                    VERDE LIMÃO                             ";GXGPMXXG
418R;http://homologa.heringwebstore.com.br/regata-feminina-em-ribana-418r?partner=&utm_source=clickaporter&utm_medium=REGATA+FEMININA+EM+RIBANA;Regatas;"Regata feminina em ribana com renda na parte superior.";29,99;;http://homologa.heringwebstore.com.br/media/catalog/product/418R-E7507S-C1.jpg;"PRETO                                   VERDE ESCURO                            VERMELHO GOIABA                         ";GXG
419X;http://homologa.heringwebstore.com.br/top-419x?partner=&utm_source=clickaporter&utm_medium=TOP;Feminino,Tops;"Top feminino com abertura na parte frontal.";29,90;;http://homologa.heringwebstore.com.br/media/catalog/product/419X-KPQ07S-C1.jpg;"PRETO                                   VERDE ESCURO                            VERMELHO GOIABA                         ";GXG
419Y;http://homologa.heringwebstore.com.br/regata-feminina-cava-nadador-419y?partner=&utm_source=clickaporter&utm_medium=REGATA+FEMININA+CAVA+NADADOR;Regatas;"Regata feminina em malha flamê com peitilho e cava nadador.";39,90;;http://homologa.heringwebstore.com.br/media/catalog/product/419Y-HJW07S-C1.jpg;"BRANCO                                  ";XG
41B7;http://homologa.heringwebstore.com.br/regata-feminina-flam-41b7?partner=&utm_source=clickaporter&utm_medium=REGATA+FEMININA+FLAM%CA;Regatas;"Regata feminina em malha flamê.";29,90;;http://homologa.heringwebstore.com.br/media/catalog/product/41B7-E8707S-C1.jpg;"BRANCO                                  ";XG
41B8;http://homologa.heringwebstore.com.br/regata-basica-feminina-em-ribana-com-modelagem-maxi-comprimento-41b8?partner=&utm_source=clickaporter&utm_medium=REGATA+B%C1SICA+FEMININA+EM+RIBANA+COM+MODELAGEM+MAXI+COMPRIMENTO;Regatas;"Regata básica feminina em ribana com modelagem maxi comprimento e decote nadador.";24,99;;http://homologa.heringwebstore.com.br/media/catalog/product/41B8-AT507S-C1.jpg;"BRANCO                                  ";XG
41BT;http://homologa.heringwebstore.com.br/regata-feminina-cava-nadador-41bt?partner=&utm_source=clickaporter&utm_medium=REGATA+FEMININA+CAVA+NADADOR;"Feminino,Regatas,Câncer de Mama";"Regata feminina com botões, modelagem aberta, cava nadador e estampa localizada na parte inferior esquerda.";49,90;;http://homologa.heringwebstore.com.br/media/catalog/product/41BT-AS2IBC-C1.jpg;"BRANCO                                  ";XG
41BU;http://homologa.heringwebstore.com.br/regata-feminina-na-modelagem-ampla-41bu?partner=&utm_source=clickaporter&utm_medium=REGATA+FEMININA+NA+MODELAGEM+AMPLA;"Regatas,Câncer de Mama";"Regata feminina em meia malha com modelagem ampla, cava nadador e logo IBCC desenhando a barra.";39,90;;http://homologa.heringwebstore.com.br/media/catalog/product/41BU-RYEIBC-C2.jpg;"BRANCO                                  ";XG
41BX;http://homologa.heringwebstore.com.br/regata-feminina-41bx?partner=&utm_source=clickaporter&utm_medium=REGATA+FEMININA;Feminino,Regatas;"Regata feminina em meia-malha. Esta peça é ótima para quem quer apoiar a causa do AfroReggae e ainda continuar na moda.";39,90;;http://homologa.heringwebstore.com.br/media/catalog/product/41BX-N0A10S-C2.jpg;"BRANCO                                  ";XG
41C3;http://homologa.heringwebstore.com.br/regata-feminina-41c3?partner=&utm_source=clickaporter&utm_medium=REGATA+FEMININA;Feminino,Regatas;"Regata feminina com alças em renda e recorte nadador.";59,90;;http://homologa.heringwebstore.com.br/media/catalog/product/41C3-1B00S-C2.jpg;"BRANCO                                  ";XG
41C4;http://homologa.heringwebstore.com.br/regata-feminina-41c4?partner=&utm_source=clickaporter&utm_medium=REGATA+FEMININA;Feminino,Regatas;"Regata feminina de ribana, com lavagem marmorizada, maxi-comprimento e decote nadador.";59,90;;http://homologa.heringwebstore.com.br/media/catalog/product/4/1/41c4-1b07s-c2.jpg;"BRANCO                                  ";XG
41C6;http://homologa.heringwebstore.com.br/regata-feminina-41c6?partner=&utm_source=clickaporter&utm_medium=REGATA+FEMININA;Feminino,Regatas;"Regata feminina com maxi comprimento, rendas na parte do decote e na parte inferior .";44,90;;http://homologa.heringwebstore.com.br/media/catalog/product/41C6-1C00S-C2.jpg;"BRANCO                                  ";XG
41CB;http://homologa.heringwebstore.com.br/regata-feminina-41cb?partner=&utm_source=clickaporter&utm_medium=REGATA+FEMININA;Regatas;"Regata feminina em meia-malha devorê, que apresenta áreas transparentes e relevos.";44,90;;http://homologa.heringwebstore.com.br/media/catalog/product/41CB-1B10S-C1.jpg;"BRANCO                                  ";XG
41CE;http://homologa.heringwebstore.com.br/camiseta-masculina-41ce?partner=&utm_source=clickaporter&utm_medium=CAMISETA+MASCULINA;Regatas;"Regata masculina em meia malha mescla com estampa na parte frontal.";24,90;;http://homologa.heringwebstore.com.br/media/catalog/product/41CE-AS510S-C1.jpg;"BRANCO                                  ";XG
41CF;http://homologa.heringwebstore.com.br/regata-feminina-41cf?partner=&utm_source=clickaporter&utm_medium=REGATA+FEMININA;Feminino,Regatas;"Regatas feminina com aplique de laços na peito direito. Por ser em ribana, a regata fica mais justa ao corpo.";59,90;19,99;http://homologa.heringwebstore.com.br/media/catalog/product/41CF-KPQ07S-C1.jpg;"BRANCO                                  ";XG
41CH;http://homologa.heringwebstore.com.br/regata-feminina-41ch?partner=&utm_source=clickaporter&utm_medium=REGATA+FEMININA;;"Regata feminina estampada inspirada no tema garden.";24,90;;http://homologa.heringwebstore.com.br/media/catalog/product/41CH-1A00S-C1.jpg;"BRANCO                                  ";XG
41CK;http://homologa.heringwebstore.com.br/regata-feminina-41ck?partner=&utm_source=clickaporter&utm_medium=REGATA+FEMININA;Feminino,Regatas;"Regata feminina em modelagem maxi comprimento e justinha ao corpo por ser em ribana. O destaque dela é a aplicação de renda no decote unido às alças finas, o que deixa mais delicada e feminina.";29,90;;http://homologa.heringwebstore.com.br/media/catalog/product/41CK-1A00S-C1.jpg;"BRANCO                                  ";XG
41CM;http://homologa.heringwebstore.com.br/regata-feminina-41cm?partner=&utm_source=clickaporter&utm_medium=REGATA+FEMININA;Feminino,Regatas;"Regata floral feminina em meia malha com aplicação de renda no decote e nas alças. As alças são mais largas, o que oferece maior conforto. Sua modelagem não é muito justa e nem larguinha.";39,90;;http://homologa.heringwebstore.com.br/media/catalog/product/41CM-1A00S-C1.jpg;"BRANCO                                  ";XG
41CN;http://homologa.heringwebstore.com.br/regata-feminina-41cn?partner=&utm_source=clickaporter&utm_medium=REGATA+FEMININA;Feminino,Regatas;"Regata feminina com babado na barra que dá mais movimento à peça, detalhes em tule, renda na alça e no centro frontal.";59,90;;http://homologa.heringwebstore.com.br/media/catalog/product/41CN-KPQ07S-C1.jpg;"BRANCO                                  ";XG
41CT;http://homologa.heringwebstore.com.br/regata-feminina-41ct?partner=&utm_source=clickaporter&utm_medium=REGATA+FEMININA;Feminino,Regatas;"Regata feminina em meia-malha estampada, cava nadador e com detalhe do bolso tortinho que deixa a peça charmosa.";29,90;;http://homologa.heringwebstore.com.br/media/catalog/product/41CT-1A00S-C1.jpg;"BRANCO                                  ";XG
41CV;http://homologa.heringwebstore.com.br/regata-feminina-41cv?partner=&utm_source=clickaporter&utm_medium=REGATA+FEMININA;Feminino,Regatas;"Regata feminina duas em uma. Sobreposição de regata lisa por baixo e outra mais curta estampada por cima, possui detalhe de zíper no decote nadador costas, apenas para enfeite.";69,90;19,99;http://homologa.heringwebstore.com.br/media/catalog/product/41CV-1A00S-C1.jpg;"BRANCO                                  ";XG
41CY;http://homologa.heringwebstore.com.br/regata-feminina-41cy?partner=&utm_source=clickaporter&utm_medium=REGATA+FEMININA;;"Regata feminina com estampa frontal, decote nadador em devorê e com maxi comprimento.";39,90;;http://homologa.heringwebstore.com.br/media/catalog/product/41CY-1A10S-C1.jpg;"BRANCO                                  ";XG
41D0;http://homologa.heringwebstore.com.br/regata-feminina-41d0?partner=&utm_source=clickaporter&utm_medium=REGATA+FEMININA;Feminino,Regatas;"Regata feminina em ribana com maxi comprimento, possui decote nadador que realçam as costas, estampas de bicho que são descoladas e com friso liso.";24,90;;http://homologa.heringwebstore.com.br/media/catalog/product/41D0-1A00S-C1.jpg;"BRANCO                                  ";XG
41D5;http://homologa.heringwebstore.com.br/regata-feminina-com-gola-41d5?partner=&utm_source=clickaporter&utm_medium=REGATA+FEMININA+COM+GOLA;Feminino,Regatas;"Regata feminina com gola estampada e removível. A regata é larguinha e possui recorte diferenciado na parte frontal.";59,90;41,00;http://homologa.heringwebstore.com.br/media/catalog/product/41D5-KPQ07S-C1.jpg;"BRANCO                                  ";XG
